daymd;day;mtemp;mRH;mCO2;compartment;dd_start;dd_emergence;dd_harvest1;datetime;%DateTime [OLE Automation date];comp1.Air.T [oC];comp1.Air.RH [%];comp1.Air.ppm [ppm];comp1.TCan0.Value [oC];comp1.TCan1.Value [oC];comp1.TCan2.Value [oC];comp1.TCan3.Value [oC];common.Azimuth.Value [deg];common.Elevation.Value [deg];common.Iglob.Value [W/m2];common.Meteo.PAR [umol/s];comp1.PARsensor.Above [umol/s];comp1.Lmp1.PARup [umol/s];comp1.Crop.LAI [-];comp1.Scr1.Pos [0-1];comp1.ConLmp1.PowerFac [-];comp1.Setpoints.SpHeat [oC];comp1.Setpoints.SpVent [oC];comp1.Setpoints.SpHum [%/dX];comp1.Setpoints.SpCO2 [ppm];comp1.PARsensor.Transm [%];Data.Tair.Value [?];Data.RHair.Value [?];Data.CO2air.Value [?];comp1.Can0.PARup [umol/s];comp1.Can1.PARup [umol/s];comp1.Can2.PARup [umol/s];comp1.Can3.PARup [umol/s]
9-9-2021;252;22.56736111;65.42361111;;2.2;18.56736111;0;0;;;;;;;;;;;;;;;;;;;;;;;;;;;;;;
10-9-2021;253;22.12013889;78.14236111;;2.2;36.6875;0;0;;;;;;;;;;;;;;;;;;;;;;;;;;;;;;
11-9-2021;254;20.82439024;75.89198606;;2.2;53.51189024;0;0;;;;;;;;;;;;;;;;;;;;;;;;;;;;;;
12-9-2021;255;20.14375;68.48611111;;2.2;69.65564024;0;0;;;;;;;;;;;;;;;;;;;;;;;;;;;;;;
13-9-2021;256;19.85555556;68.17013889;;2.2;85.5111958;0;0;;;;;;;;;;;;;;;;;;;;;;;;;;;;;;
14-9-2021;257;20.54236111;71.79513889;;2.2;102.0535569;0;0;;;;;;;;;;;;;;;;;;;;;;;;;;;;;;
15-9-2021;258;21.04861111;72.78819444;;2.2;119.102168;0;0;;;;;;;;;;;;;;;;;;;;;;;;;;;;;;
16-9-2021;259;19.88576389;67.88888889;;2.2;134.9879319;15.88576389;0;;;;;;;;;;;;;;;;;;;;;;;;;;;;;;
17-9-2021;260;20.38055556;70.32291667;;2.2;151.3684875;32.26631945;0;;;;;;;;;;;;;;;;;;;;;;;;;;;;;;
18-9-2021;261;19.88888889;70.15972222;;2.2;167.2573764;48.15520834;0;;;;;;;;;;;;;;;;;;;;;;;;;;;;;;
19-9-2021;262;19.13784722;68.27777778;;2.2;182.3952236;63.29305556;0;;;;;;;;;;;;;;;;;;;;;;;;;;;;;;
20-9-2021;263;18.24444444;68.66666667;;2.2;196.639668;77.5375;0;;;;;;;;;;;;;;;;;;;;;;;;;;;;;;
21-9-2021;264;18.38298611;66.45138889;;2.2;211.0226541;91.92048611;0;;;;;;;;;;;;;;;;;;;;;;;;;;;;;;
22-9-2021;265;18.61388889;68.05902778;;2.2;225.636543;106.534375;0;;;;;;;;;;;;;;;;;;;;;;;;;;;;;;
23-9-2021;266;19.16111111;69.04513889;;2.2;240.7976541;121.6954861;0;;;;;;;;;;;;;;;;;;;;;;;;;;;;;;
24-9-2021;267;19.40729167;73.85763889;511.9409722;3;256.2049458;137.1027778;0;2021-09-24;44463.4791666667;19.5791666666667;60.2166666666667;433.875;19.4125;19.4375;19.4583333333333;19.4791666666667;180.575;-0.23;90.7916666666667;175.412083333333;123.692307692308;70.8333333333333;0.17;0;0;19.3333333333333;21.0041666666667;60;529.166666666667;19.575;20.6083333333333;66.3416666666667;433.958333333333;67;64.5;60.3333333333333;58.125
25-9-2021;268;19.58819444;77.36111111;507.7916667;3;271.7931402;152.6909722;0;2021-09-25;44464.4791666667;19.6625;60.2375;432.708333333333;19.3625;19.3833333333333;19.4166666666667;19.4541666666667;180.5875;-0.57625;76.8333333333333;148.575;103.692307692308;59.4583333333333;0.17;0;0;19.3333333333333;21;60;530.875;19.275;20.5958333333333;69.1541666666667;432.75;56.1666666666667;54.0416666666667;50.5833333333333;48.75
26-9-2021;269;19.39965278;77.10416667;519.5381944;3;287.192793;168.090625;0;2021-09-26;44465.4791666667;19.6208333333333;60.5791666666667;443.916666666667;19.5708333333333;19.5916666666667;19.6083333333333;19.6416666666667;180.5875;-0.938333333333333;124.916666666667;241.320833333333;167.153846153846;95.875;0.17;0;0;19.3291666666667;21;60;530.916666666667;19.1208333333333;20.4541666666667;71.3125;443.958333333333;90.5416666666667;87.2083333333333;81.5833333333333;78.625
27-9-2021;270;20.66527778;72.00347222;453.2916667;1;303.8580708;184.7559028;0;2021-09-27;44466.4791666667;20.2916666666667;63.2416666666667;453.5;19.9125;19.9291666666667;19.9666666666667;19.9791666666667;180.645833333333;-1.29208333333333;63.4166666666667;122.62375;161.923076923077;56.0833333333333;0.17;0;0.173625;19.9166666666667;21.2916666666667;64.0291666666667;539.458333333333;30.65;20.7166666666667;72.3166666666667;453.5;87.7083333333333;84.5416666666667;79.25;76.3333333333333
28-9-2021;271;20.98333333;69.62152778;435.8263889;1;320.8414041;201.7392361;0;2021-09-28;44467.4791666667;21.1541666666667;66.8208333333333;436.083333333333;20.9875;20.9958333333333;21.0041666666667;21.0041666666667;180.683333333333;-1.63791666666667;173.5;334.889583333333;243.764705882353;128.25;0.17;0.0167916666666667;0.256958333333333;20.6708333333333;21.6708333333333;70;578.583333333333;22.75;20.9833333333333;69.5666666666667;436.166666666667;172.666666666667;166.208333333333;155.416666666667;149.708333333333
29-9-2021;272;20.75243056;69.00347222;443.5972222;1;337.5938347;218.4916667;0;2021-09-29;44468.4791666667;21.2833333333333;67.8125;443.458333333333;20.9833333333333;20.9791666666667;20.9916666666667;20.9875;180.604166666667;-1.9925;59.0416666666667;114.29625;241.882352941176;61.25;0.17;0.21425;0.565958333333333;20.6666666666667;21.6666666666667;70;561.333333333333;42.1291666666667;20.7625;69.225;443.5;171.333333333333;165.208333333333;154.666666666667;149.125
30-9-2021;273;21.05173611;68.68055556;496.5555556;1;354.6455708;235.5434028;0;2021-09-30;44469.4791666667;21.0791666666667;66.325;493.833333333333;20.7166666666667;20.7291666666667;20.7291666666667;20.7416666666667;180.629166666667;-2.34541666666667;87.5;169.039583333333;256.470588235294;83.875;0.17;0;0.510416666666667;20.6708333333333;21.6708333333333;70;577.541666666667;39.0541666666667;21.0625;68.5;493.875;181.666666666667;175.041666666667;163.958333333333;158.208333333333
1-10-2021;274;21.13715278;69.8125;447.4097222;1;371.7827236;252.6805556;0;2021-10-01;44470.4791666667;21.2875;67.4333333333333;450.25;21.0166666666667;21.0041666666667;21.0291666666667;21.025;180.629166666667;-2.69875;71.0416666666667;137.370000645833;238.411764705882;71;0.17;0;0.506958333333333;20.6666666666667;21.6666666666667;70;562.5;38.0041666666667;21.1333333333333;69.7375;450.333333333333;168.875;162.625;152.375;146.958333333333
2-10-2021;275;21.2375;72.08680556;429.2847222;1;389.0202236;269.9180556;0;2021-10-02;44471.4791666667;21.3625;67.7416666666667;428.958333333333;21.1916666666667;21.1833333333333;21.1791666666667;21.1791666666667;180.5125;-3.04708333333333;72;139.17675;229.294117647059;70.7916666666667;0.17;0;0.475708333333333;20.6666666666667;21.6666666666667;70;566.75;36.7208333333333;21.2208333333333;71.9583333333333;429.041666666667;162.416666666667;156.375;146.583333333333;141.416666666667
3-10-2021;276;20.85972222;71.21875;420.2152778;1;405.8799458;286.7777778;0;2021-10-03;44472.4791666667;21.3625;67.9291666666667;420.916666666667;21.0833333333333;21.0958333333333;21.0708333333333;21.0875;180.566666666667;-3.41291666666667;25.25;48.6677083333333;237.705882352941;36.5;0.17;0;0.666666666666667;20.6666666666667;21.6666666666667;70;556.458333333333;47.0875;20.9041666666667;71.5166666666667;420.958333333333;168.375;162.083333333333;151.958333333333;146.583333333333
4-10-2021;277;21.06944444;68.89930556;434.1111111;1;422.9493902;303.8472222;0;2021-10-04;44473.4791666667;21.1083333333333;67.275;433.541666666667;20.9083333333333;20.9083333333333;20.925;20.9291666666667;180.533333333333;-3.76125;152.5;294.813333333333;237.823529411765;115.083333333333;0.17;0;0.298625;20.6708333333333;21.6708333333333;70;572;23.4;21.0666666666667;68.9125;433.583333333333;168.458333333333;162.25;151.708333333333;146.25
5-10-2021;278;20.88368056;68.66319444;440.7395833;1;439.8330708;320.7309028;0;2021-10-05;44474.4791666667;21.0708333333333;66.7333333333333;440.375;20.6625;20.675;20.6833333333333;20.6833333333333;180.575;-4.09708333333333;84.5416666666667;163.39375;264.25;78.7916666666667;0.17;0;0.506958333333333;20.6666666666667;21.6666666666667;70;571.291666666667;37.6833333333333;20.8791666666667;68.7208333333333;440.375;176.166666666667;169.666666666667;158.958333333333;153.291666666667
6-10-2021;279;20.61597222;68.55555556;434.5173611;1;456.449043;337.346875;0;2021-10-06;44475.4791666667;21.1708333333333;68.025;435.166666666667;20.6583333333333;20.6708333333333;20.6833333333333;20.6875;180.504166666667;-4.45416666666667;60.125;116.103666666667;244;60.0833333333333;0.17;0;0.52775;20.6666666666667;21.6666666666667;70;560.833333333333;37.8875;20.6125;68.4791666666667;435.166666666667;162.666666666667;156.625;146.875;141.583333333333
7-10-2021;280;21.07638889;69.19444444;440.3576389;1;473.5254319;354.4232639;0;2021-10-07;44476.4791666667;21.1416666666667;67.0958333333333;440.208333333333;20.6666666666667;20.6833333333333;20.6833333333333;20.6833333333333;180.604166666667;-4.79416666666667;96.4166666666667;186.295;234.529411764706;86.5416666666667;0.17;0;0.420125;20.6666666666667;21.6666666666667;70;574.041666666667;32.5291666666667;21.075;69.1041666666667;440.25;166.125;159.958333333333;149.791666666667;144.458333333333
8-10-2021;281;20.94131944;68.78125;439.5416667;1;490.4667514;371.3645833;0;2021-10-08;44477.4791666667;21.0416666666667;65.85;439.416666666667;20.6458333333333;20.6625;20.6666666666667;20.675;180.608333333333;-5.14625;146.166666666667;282.416791666667;242.470588235294;116.916666666667;0.17;0;0.305541666666667;20.6666666666667;21.6666666666667;70;569.5;23.7791666666667;20.9458333333333;68.9625;439.5;171.75;165.25;154.708333333333;149.125
9-10-2021;282;20.85381944;67.78472222;436.25;1;507.3205708;388.2184028;0;2021-10-09;44478.4791666667;20.85;64.7708333333333;436.416666666667;20.3375;20.3625;20.3791666666667;20.3833333333333;180.616666666667;-5.49791666666667;144.875;279.979666666667;235.529411764706;121.208333333333;0.17;0;0.260416666666667;20.6666666666667;21.6666666666667;70;570.916666666667;21.475;20.8541666666667;67.7916666666667;436.416666666667;166.833333333333;160.541666666667;150.291666666667;144.75
10-10-2021;283;20.98020833;68.81944444;452.1215278;1;524.3007791;405.1986111;0;2021-10-10;44479.4791666667;20.9625;63.4333333333333;451.708333333333;20.275;20.2958333333333;20.3125;20.3166666666667;180.495833333333;-5.84125;121.666666666667;235.095916666667;245.117647058824;105.583333333333;0.17;0;0.368083333333333;20.6666666666667;21.6666666666667;70;562.25;28.1541666666667;20.9583333333333;68.5375;451.875;173.625;167.208333333333;156.5;150.833333333333
11-10-2021;284;20.98472222;69.67361111;445.34375;1;541.2855014;422.1833333;0;2021-10-11;44480.4791666667;21.2458333333333;67.8458333333333;446.041666666667;20.9291666666667;20.9291666666667;20.9458333333333;20.9541666666667;180.591666666667;-6.18041666666667;81.5416666666667;157.641875;230.352941176471;76.0833333333333;0.17;0;0.454875;20.6625;21.6625;70;567.125;32.7791666666667;21.0083333333333;69.8666666666667;446.125;163.166666666667;157.125;147.208333333333;141.958333333333
12-10-2021;285;20.82465278;68.12847222;435.4826389;1;558.1101541;439.0079861;16.82465278;2021-10-12;44481.4791666667;21.1875;66.95;435.083333333333;20.725;20.725;20.7333333333333;20.7583333333333;180.641666666667;-6.51458333333333;66.9166666666667;129.320125214583;224.235294117647;64.0416666666667;0.17;0;0.489625;20.6666666666667;21.6666666666667;70;563.625;34.3416666666667;20.825;68.2333333333333;435.125;158.833333333333;153;143.208333333333;138.25
13-10-2021;286;21.11215278;69.44791667;429.5694444;1;575.2223069;456.1201389;33.93680556;2021-10-13;44482.4791666667;20.9458333333333;65.9541666666667;429.916666666667;20.2166666666667;20.2166666666667;20.225;20.2375;180.566666666667;-6.8575;66.4166666666667;128.490250429167;223.294117647059;66.25;0.17;0;0.475666666666667;20.6666666666667;21.6666666666667;70;566.083333333333;34.6083333333333;21.1;69.1416666666667;429.916666666667;158.166666666667;152.333333333333;142.666666666667;137.583333333333
14-10-2021;287;21.15902778;72.38888889;424.8611111;1;592.3813347;473.2791667;51.09583333;2021-10-14;44483.4791666667;21.2375;67.8291666666667;424.416666666667;20.8416666666667;20.8416666666667;20.8416666666667;20.8666666666667;180.620833333333;-7.19208333333333;37.4166666666667;72.4409585479167;246.647058823529;46.125;0.17;0;0.652791666666667;20.6666666666667;21.6666666666667;70;556.416666666667;44.6791666666667;21.1583333333333;72.325;424.416666666667;174.708333333333;168.125;157.708333333333;152.125
15-10-2021;288;20.92638889;69.26736111;432.3229167;1;609.3077236;490.2055556;68.02222222;2021-10-15;44484.4791666667;21.2208333333333;67.0458333333333;431.916666666667;21.0083333333333;21.0208333333333;21.0333333333333;21.05;180.583333333333;-7.51875;104.5;201.805;246.647058823529;92.6666666666667;0.17;0;0.434;20.6666666666667;21.6666666666667;70;555.666666666667;29.3416666666667;20.9416666666667;69.6666666666667;432;174.708333333333;168.125;157.416666666667;151.875
16-10-2021;289;21.02777778;68.88888889;435.9131944;1;626.3355014;507.2333333;85.05;2021-10-16;44485.4791666667;20.9666666666667;65.3208333333333;436.416666666667;20.1791666666667;20.2;20.2166666666667;20.2125;180.683333333333;-7.85625;68.7083333333333;132.779166666667;228.352941176471;62.7083333333333;0.17;0;0.510458333333333;20.6666666666667;21.6666666666667;70;560.875;33.1708333333333;21.0541666666667;68.6875;436.416666666667;161.75;155.791666666667;145.958333333333;140.791666666667
17-10-2021;290;21.02361111;69.77777778;423.9270833;1;643.3591125;524.2569444;102.0736111;2021-10-17;44486.4791666667;21.1041666666667;67.6791666666667;423.958333333333;20.575;20.575;20.5875;20.5916666666667;180.570833333333;-8.18541666666667;61;117.8625;241.823529411765;63.25;0.17;0;0.555541666666667;20.6666666666667;21.6666666666667;70;559.125;36.9375;21.0291666666667;69.7958333333333;424;171.291666666667;164.916666666667;154.5;149.083333333333
18-10-2021;291;20.99618056;70.44791667;426.5833333;1;660.355293;541.253125;119.0697917;2021-10-18;44487.4791666667;21.0208333333333;66.725;426.125;20.3791666666667;20.3833333333333;20.3916666666667;20.4;180.4875;-8.51041666666667;78.4166666666667;151.414583333333;219.411764705882;73.75;0.17;0;0.427083333333333;20.6666666666667;21.6666666666667;70;562.958333333333;30.3125;20.9833333333333;70.2583333333333;426.125;155.416666666667;149.625;140.166666666667;135.166666666667
19-10-2021;292;21.17847222;76.95833333;478.2743056;1;677.5337652;558.4315972;136.2482639;2021-10-19;44488.4791666667;21.2916666666667;68.1833333333333;477;20.9166666666667;20.925;20.9;20.9083333333333;180.533333333333;-8.83833333333333;22.4583333333333;43.3429166666667;234.176470588235;33.8333333333333;0.17;0;0.666666666666667;20.6666666666667;21.6666666666667;70.0708333333333;549.416666666667;43.1958333333333;21.1791666666667;76.7708333333333;477;165.875;159.625;149.708333333333;144.458333333333
20-10-2021;293;21.18368056;76.25347222;501.3194444;1;694.7174458;575.6152778;153.4319444;2021-10-20;44489.4791666667;21.2833333333333;67.9791666666667;501.333333333333;20.9375;20.9375;20.9208333333333;20.9333333333333;180.6375;-9.15375;28.5833333333333;55.4625;240.588235294118;39.4166666666667;0.17;0;0.663208333333333;20.6666666666667;21.6666666666667;70;552.041666666667;41.9333333333333;21.1791666666667;76.2916666666667;501.333333333333;170.416666666667;164;153.75;148.375
21-10-2021;294;20.53958333;70.16319444;499.46875;1;711.2570291;592.1548611;169.9715278;2021-10-21;44490.4791666667;21.2666666666667;66.8;500.291666666667;20.8416666666667;20.85;20.8541666666667;20.8708333333333;180.558333333333;-9.47291666666667;47.6666666666667;91.9977916666667;238.235294117647;51.7083333333333;0.17;0;0.597208333333333;20.6666666666667;21.6666666666667;70;556.75;39.2916666666667;20.5625;70.6541666666667;500.291666666667;168.75;162.5;152.291666666667;146.916666666667
22-10-2021;295;20.45659722;67.64236111;504.3819444;1;727.7136264;608.6114583;186.428125;2021-10-22;44491.4791666667;20.8666666666667;62.975;503.458333333333;19.975;19.975;19.9833333333333;19.9833333333333;180.570833333333;-9.79208333333333;45.1666666666667;87.3466666666667;245.117647058824;51.625;0.17;0;0.621541666666667;20.6666666666667;21.6666666666667;70;556;39.4125;20.4875;67.6458333333333;503.458333333333;173.625;167.125;156.791666666667;151.208333333333
23-10-2021;296;20.64756944;68.91319444;490.9201389;1;744.3611958;625.2590278;203.0756944;2021-10-23;44492.4791666667;20.9041666666667;62.9416666666667;491.375;19.9208333333333;19.9291666666667;19.95;19.9583333333333;180.55;-10.105;48.4583333333333;93.6533333333333;236.352941176471;52.4583333333333;0.17;0;0.586833333333333;20.6666666666667;21.6666666666667;70;558.083333333333;37.7416666666667;20.6416666666667;68.9083333333333;491.375;167.416666666667;161.083333333333;151.083333333333;145.75
24-10-2021;297;20.56076389;68.09027778;499.3888889;1;760.9219597;641.8197917;219.6364583;2021-10-24;44493.4791666667;20.7416666666667;61.3041666666667;499.291666666667;19.8416666666667;19.8625;19.8666666666667;19.875;180.6375;-10.41125;115.666666666667;223.5275;244.176470588235;101.166666666667;0.17;0;0.385416666666667;20.6708333333333;21.6708333333333;70;556;24.9416666666667;20.5666666666667;68.0916666666667;499.291666666667;172.958333333333;166.458333333333;155.916666666667;150.25
25-10-2021;298;20.96354167;73.05902778;497.4722222;1;777.8855014;658.7833333;236.6;2021-10-25;44494.4791666667;20.9958333333333;65.9083333333333;497.5;20.2666666666667;20.275;20.2791666666667;20.2916666666667;180.645833333333;-10.7291666666667;31.1666666666667;60.3100006458333;242.176470588235;40.5833333333333;0.17;0;0.663208333333333;20.6666666666667;21.6666666666667;70;552.625;42.2458333333333;20.9875;72.6541666666667;497.583333333333;171.541666666667;165.208333333333;154.958333333333;149.5
26-10-2021;299;21.21076389;73.16319444;501.4652778;1;795.0962652;675.9940972;253.8107639;2021-10-26;44495.4791666667;21.2583333333333;67.8041666666667;500.541666666667;20.9791666666667;20.9791666666667;20.975;20.9833333333333;180.5625;-11.02625;46.5416666666667;89.9266666666667;251.352941176471;52.625;0.17;0.193875;0.638916666666667;20.6666666666667;21.6666666666667;70;552.916666666667;39.8875;21.1791666666667;73.1625;500.541666666667;178.041666666667;171.458333333333;160.708333333333;155
27-10-2021;300;21.45486111;77.6875;494.2118056;1;812.5511264;693.4489583;271.265625;2021-10-27;44496.4791666667;21.3041666666667;67.5041666666667;495.166666666667;21.0875;21.1;21.1;21.1041666666667;180.616666666667;-11.33;66.7083333333333;129.10875;225.352941176471;66.5;0.17;0.558708333333333;0.482625;20.675;21.675;70;551.5;30.2;21.4625;77.7125;495.208333333333;159.625;154;143.958333333333;138.916666666667
28-10-2021;301;21.05868056;75.65972222;524.5520833;1;829.6098069;710.5076389;288.3243056;2021-10-28;44497.4791666667;20.9416666666667;63.3;521.5;20.5458333333333;20.5375;20.5416666666667;20.55;180.504166666667;-11.6291666666667;103.291666666667;199.59125;216.117647058824;92.0416666666667;0.17;0.561208333333333;0.329875;20.6666666666667;21.6666666666667;70;545.166666666667;20.5958333333333;21.0625;75.65;521.5;153.083333333333;147.625;138;133.083333333333
29-10-2021;302;21.24027778;79.20833333;515.84375;1;846.8500847;727.7479167;305.5645833;2021-10-29;44498.4791666667;21.0291666666667;64.1125;517.791666666667;20.6166666666667;20.625;20.6166666666667;20.6125;180.55;-11.9241666666667;88.0416666666667;169.958333333333;229.058823529412;82.4166666666667;0.17;0.565708333333333;0.420125;20.6666666666667;21.6666666666667;70;544.958333333333;25.4125;21.2333333333333;78.8416666666667;517.791666666667;162.25;156.458333333333;146.291666666667;141
30-10-2021;303;21.12569444;79.30902778;507.6944444;1;863.9757791;744.8736111;322.6902778;2021-10-30;44499.4791666667;21.2708333333333;66.6291666666667;508.291666666667;20.8875;20.8875;20.8708333333333;20.8708333333333;180.508333333333;-12.2220833333333;21.5416666666667;41.645125;236.235294117647;36.2083333333333;0.17;0.566416666666667;0.663166666666667;20.6666666666667;21.6666666666667;70;535.583333333333;38.1208333333333;21.125;79.5416666666667;508.333333333333;167.333333333333;161.25;151;145.75
31-10-2021;304;21.18715278;76.88888889;511.7569444;1;881.1629319;762.0607639;339.8774306;2021-10-31;44500.4791666667;21.2666666666667;66.8541666666667;511.291666666667;20.975;20.9875;20.9708333333333;20.975;180.6125;-12.5008333333333;56.375;108.88875;242.764705882353;61.75;0.17;0.57175;0.566;20.6666666666667;21.6666666666667;70;536;33.1291666666667;21.1958333333333;76.9375;511.291666666667;171.958333333333;165.833333333333;155.125;149.666666666667
1-11-2021;305;20.89027778;72.17361111;557.2256944;1;898.0532097;778.9510417;356.7677083;2021-11-01;44501.4791666667;20.8375;64.1791666666667;555.458333333333;20.4;20.4041666666667;20.4041666666667;20.4041666666667;180.7;-12.7791666666667;71.25;137.62625;237.5;70.9166666666667;0.17;0.614375;0.454875;20.5;21.5;70;522.666666666667;25.3916666666667;20.925;72.4958333333333;555.458333333333;158.333333333333;152.583333333333;142.75;137.75
2-11-2021;306;20.79965278;72.59375;636.3333333;1;914.8528625;795.7506944;373.5673611;2021-11-02;44502.4791666667;21.2166666666667;66.0916666666667;632.125;20.7083333333333;20.7041666666667;20.7041666666667;20.6958333333333;180.620833333333;-13.0683333333333;26.2916666666667;50.7242916666667;256.5;40.125;0.17;0.574375;0.663208333333333;20.6666666666667;21.6666666666667;70;547.666666666667;40.5208333333333;20.7958333333333;72.4583333333333;632.125;171;164.833333333333;154.291666666667;148.958333333333
3-11-2021;307;21.02152778;73.39583333;626.7395833;1;931.8743902;812.7722222;390.5888889;2021-11-03;44503.4791666667;21.0791666666667;66.0541666666667;627.375;20.5;20.5041666666667;20.4875;20.4791666666667;180.595833333333;-13.3366666666667;35.1666666666667;68.103875;265.0625;45.375;0.17;0.5775;0.666666666666667;20.6666666666667;21.6666666666667;70;543.166666666667;39.7166666666667;21.0041666666667;73.325;627.458333333333;176.708333333333;170.375;159.333333333333;153.791666666667
4-11-2021;308;20.984375;73.37847222;608.5451389;1;948.8587652;829.7565972;407.5732639;2021-11-04;44504.4791666667;21.0458333333333;63.5625;609.833333333333;20.4083333333333;20.3958333333333;20.3916666666667;20.4083333333333;180.5125;-13.6083333333333;43.375;83.8855416666667;260.9375;52.0833333333333;0.17;0.580375;0.6215;20.6666666666667;21.6666666666667;70;543.166666666667;36.4666666666667;21.0208333333333;73.5375;609.833333333333;173.958333333333;167.833333333333;157;151.5
5-11-2021;309;21.04270833;75.21527778;615.1909722;1;965.9014736;846.7993056;424.6159722;2021-11-05;44505.4791666667;20.9625;59.9333333333333;615.583333333333;20.2625;20.2791666666667;20.2666666666667;20.2791666666667;180.554166666667;-13.8758333333333;57.0416666666667;110.16425;255.5625;60.0833333333333;0.17;0.581291666666667;0.566;20.6666666666667;21.6666666666667;70;544.875;33;21.0375;74.9958333333333;615.583333333333;170.375;164.333333333333;153.708333333333;148.333333333333
6-11-2021;310;21.034375;77.03125;588.7083333;1;982.9358486;863.8336806;441.6503472;2021-11-06;44506.4791666667;21.0791666666667;64.475;590.916666666667;20.4583333333333;20.4625;20.4541666666667;20.4416666666667;180.595833333333;-14.1375;31.2083333333333;60.0662508583333;239.882352941176;41.8333333333333;0.17;0.584416666666667;0.649333333333333;20.6708333333333;21.6708333333333;70;528.208333333333;37.1;21.0208333333333;76.9791666666667;590.958333333333;169.916666666667;163.666666666667;153.125;147.875
7-11-2021;311;20.884375;74.17361111;602.2916667;1;999.8202236;880.7180556;458.5347222;2021-11-07;44507.4791666667;21.0916666666667;64.6875;600.916666666667;20.625;20.6208333333333;20.6125;20.6166666666667;180.554166666667;-14.39125;63.2083333333333;122.102583333333;232;63.2083333333333;0.17;0.587333333333333;0.520875;20.6666666666667;21.6666666666667;70;541.583333333333;29.675;20.9291666666667;74.3958333333333;600.916666666667;164.333333333333;158.375;148.083333333333;142.916666666667
8-11-2021;312;21.05625;74.41319444;609.5173611;1;1016.876474;897.7743056;475.5909722;2021-11-08;44508.4791666667;21.0708333333333;63.1375;609.041666666667;20.4208333333333;20.4208333333333;20.425;20.4291666666667;180.529166666667;-14.64875;39.7083333333333;76.7825416666667;224.058823529412;48.375;0.17;0.588208333333333;0.562458333333333;20.6708333333333;21.6708333333333;70;540;32.575;21.0625;74.55;609.041666666667;158.708333333333;152.916666666667;143.166666666667;138.125
9-11-2021;313;21.05902778;76.45486111;603.7395833;1;1033.935501;914.8333333;492.65;2021-11-09;44509.4791666667;20.8708333333333;60.8708333333333;603.708333333333;20.1541666666667;20.1583333333333;20.1625;20.1583333333333;180.529166666667;-14.8991666666667;61.3333333333333;118.55625;228.235294117647;60.4166666666667;0.17;0.589208333333333;0.520833333333333;20.6666666666667;21.6666666666667;70;541.75;28.65;21.0333333333333;76.1041666666667;603.708333333333;161.666666666667;155.958333333333;145.666666666667;140.666666666667
10-11-2021;314;21.14548611;78.73958333;606.9756944;1;1051.080987;931.9788194;509.7954861;2021-11-10;44510.4791666667;21.0333333333333;63.6958333333333;606.625;20.4125;20.4166666666667;20.4166666666667;20.3958333333333;180.570833333333;-15.1479166666667;36.4583333333333;70.498875;252.647058823529;47.7916666666667;0.17;0.594291666666667;0.666666666666667;20.6708333333333;21.6708333333333;70;537.958333333333;38.0333333333333;21.1458333333333;78.6458333333333;606.708333333333;178.958333333333;172.541666666667;161.541666666667;155.791666666667
11-11-2021;315;21.2;80.9375;625.1736111;1;1068.280987;949.1788194;526.9954861;2021-11-11;44511.4791666667;21.2666666666667;66.3708333333333;623;20.7708333333333;20.7666666666667;20.7583333333333;20.7583333333333;180.654166666667;-15.3875;23.5416666666667;45.6444166666667;239.882352941176;38.2916666666667;0.17;0.595166666666667;0.666666666666667;20.6625;21.6625;70;539.666666666667;37.6625;21.2041666666667;80.9;623;169.916666666667;163.875;153.291666666667;148
12-11-2021;316;20.82222222;75.96527778;621.125;1;1085.10321;966.0010417;543.8177083;2021-11-12;44512.4791666667;20.8291666666667;61.5958333333333;623.375;20.0166666666667;20.0208333333333;20.025;20.0333333333333;180.595833333333;-15.6104166666667;56.7083333333333;109.4955;227.705882352941;57.9166666666667;0.17;0.596166666666667;0.53125;20.6708333333333;21.6708333333333;70;546.625;29.1416666666667;20.825;76.1041666666667;623.375;161.291666666667;155.5;145.333333333333;140.25
13-11-2021;317;21.12986111;80.10763889;613.1006944;1;1102.233071;983.1309028;560.9475694;2021-11-13;44513.4791666667;21.15;66.475;614.5;20.7125;20.7083333333333;20.7041666666667;20.7083333333333;180.5;-15.8604166666667;24.0416666666667;46.5793758583333;240.117647058824;38.5;0.17;0.599791666666667;0.666666666666667;20.6666666666667;21.6666666666667;70;531.708333333333;37.2875;21.1375;80.05;614.541666666667;170.083333333333;164.041666666667;153.5;148.25
14-11-2021;318;21.10555556;80.59375;612.6666667;1;1119.338626;1000.236458;578.053125;2021-11-14;44514.4791666667;21.2041666666667;66.4875;612.75;20.6708333333333;20.6583333333333;20.6583333333333;20.6583333333333;180.583333333333;-16.0770833333333;21.9583333333333;42.421875;238.470588235294;37.125;0.17;0.602125;0.666666666666667;20.6708333333333;21.6708333333333;70;530.208333333333;37.2958333333333;21.1083333333333;80.5208333333333;612.75;168.916666666667;162.833333333333;152.5;147.166666666667
15-11-2021;319;20.77708333;77.90625;616.5729167;1;1136.11571;1017.013542;594.8302083;2021-11-15;44515.4791666667;20.8916666666667;64.8958333333333;615.708333333333;20.0875;20.0833333333333;20.0833333333333;20.0791666666667;180.579166666667;-16.3054166666667;6.70833333333333;13.0933333333333;220.470588235294;23.7083333333333;0.17;0.602416666666667;0.666666666666667;20.6666666666667;21.6666666666667;70;508.333333333333;35.0666666666667;20.8;78.0041666666667;615.708333333333;156.166666666667;150.666666666667;140.875;136.041666666667
16-11-2021;320;20.690625;75.78472222;628.0416667;1;1152.806335;1033.704167;611.5208333;2021-11-16;44516.4791666667;20.9041666666667;64.5916666666667;626.541666666667;20.0625;20.0625;20.05;20.05;180.604166666667;-16.5129166666667;6.20833333333333;11.95625;220.294117647059;24.2083333333333;0.17;0.604625;0.663208333333333;20.6666666666667;21.6666666666667;70;502.416666666667;34.7208333333333;20.6916666666667;75.8416666666667;626.541666666667;156.041666666667;150.375;140.75;135.833333333333
17-11-2021;321;20.89965278;75.39583333;625.5;1;1169.705987;1050.603819;628.4204861;2021-11-17;44517.4791666667;20.9708333333333;62.5416666666667;626.458333333333;20.2708333333333;20.2791666666667;20.2708333333333;20.2625;180.533333333333;-16.7341666666667;28.5833333333333;55.1050006458333;235.352941176471;39.9583333333333;0.17;0.607458333333333;0.642375;20.6708333333333;21.6708333333333;70;531.708333333333;34.2416666666667;20.9125;75.5916666666667;626.458333333333;166.708333333333;160.708333333333;150.333333333333;145.166666666667
18-11-2021;322;21.046875;75.81597222;645.7256944;1;1186.752862;1067.650694;645.4673611;2021-11-18;44518.4791666667;20.9291666666667;62.5291666666667;644.75;20.2;20.1958333333333;20.1916666666667;20.1916666666667;180.558333333333;-16.93;53.8333333333333;104.070833979167;219.764705882353;54.9583333333333;0.17;0.609333333333333;0.517333333333333;20.6666666666667;21.6666666666667;70;531;26.3041666666667;21;75.55;644.75;155.666666666667;150.25;140.25;135.458333333333
19-11-2021;323;21.25243056;79.19444444;623.4444444;1;1204.005293;1084.903125;662.7197917;2021-11-19;44519.4791666667;21.2416666666667;67.4291666666667;625.541666666667;20.9041666666667;20.9041666666667;20.8916666666667;20.8833333333333;180.504166666667;-17.1425;24.4583333333333;47.3033341916667;233.882352941176;38.2083333333333;0.17;0.611541666666667;0.645791666666667;20.6625;21.6625;70;528.125;34.3208333333333;21.25;79.2333333333333;625.541666666667;165.666666666667;159.833333333333;149.5;144.291666666667
20-11-2021;324;20.94340278;80.64583333;632.1875;1;1220.948696;1101.846528;679.6631944;2021-11-20;44520.4791666667;21.2125;67.8083333333333;632.458333333333;20.6875;20.675;20.6791666666667;20.6833333333333;180.5375;-17.33125;9.33333333333333;17.9883333333333;224.823529411765;26.9166666666667;0.17;0.613708333333333;0.666666666666667;20.6625;21.6625;70;516.625;35.4166666666667;20.9583333333333;80.7083333333333;632.458333333333;159.25;153.625;143.75;138.75
21-11-2021;325;20.82638889;75.42013889;632.8541667;1;1237.775085;1118.672917;696.4895833;2021-11-21;44521.4791666667;21.0541666666667;63.2916666666667;632.458333333333;20.5;20.4958333333333;20.4916666666667;20.4916666666667;180.520833333333;-17.5195833333333;37.4583333333333;72.3958339791667;237.941176470588;47.0416666666667;0.17;0.616875;0.618083333333333;20.6708333333333;21.6708333333333;70;531.333333333333;32.5;20.8583333333333;75.8125;632.458333333333;168.541666666667;162.5;152;146.708333333333
22-11-2021;326;20.60138889;70.76388889;661.4479167;1;1254.376474;1135.274306;713.0909722;2021-11-22;44522.4791666667;20.7375;53.8583333333333;657.958333333333;19.6583333333333;19.675;19.675;19.6875;180.608333333333;-17.7145833333333;66.1666666666667;127.862500645833;219.235294117647;61.7916666666667;0.17;0.61625;0.482625;20.6666666666667;21.6666666666667;70;537.958333333333;23.4208333333333;20.6;70.8125;657.958333333333;155.291666666667;149.791666666667;139.833333333333;135
23-11-2021;327;20.94375;73.67013889;625.34375;1;1271.320224;1152.218056;730.0347222;2021-11-23;44523.4791666667;21.0833333333333;61.8625;628.458333333333;20.45;20.4458333333333;20.4416666666667;20.4458333333333;180.720833333333;-17.8883333333333;32.7916666666667;63.4317083333333;247.647058823529;44.0833333333333;0.17;0.61775;0.666666666666667;20.6666666666667;21.6666666666667;70;526.458333333333;36.0833333333333;20.9375;73.6666666666667;628.458333333333;175.416666666667;169.125;158.291666666667;152.791666666667
24-11-2021;328;20.81944444;71.04166667;616.2118056;1;1288.139668;1169.0375;746.8541667;2021-11-24;44524.4791666667;21;64.0458333333333;615;20.2208333333333;20.2291666666667;20.2291666666667;20.2291666666667;180.670833333333;-18.0558333333333;15.9166666666667;30.81125;231;32.375;0.17;0.619208333333333;0.663208333333333;20.6708333333333;21.6708333333333;70;527.875;35.3875;20.8291666666667;70.8166666666667;615.041666666667;163.625;157.875;147.75;142.541666666667
25-11-2021;329;20.64965278;70.75;660.7743056;1;1304.789321;1185.687153;763.5038194;2021-11-25;44525.4791666667;20.9041666666667;60.9625;658.375;20.1625;20.1583333333333;20.1666666666667;20.1708333333333;180.604166666667;-18.2258333333333;24.6666666666667;47.6666673125;238.588235294118;37.2916666666667;0.17;0.622666666666667;0.666666666666667;20.6666666666667;21.6666666666667;70;533.791666666667;35.325;20.6541666666667;70.9875;658.375;169;163;152.416666666667;147.041666666667
26-11-2021;330;20.34201389;68.70833333;628.3854167;1;1321.131335;1202.029167;779.8458333;2021-11-26;44526.4791666667;20.7666666666667;57.4333333333333;631.583333333333;19.7083333333333;19.7125;19.7041666666667;19.7125;180.583333333333;-18.3816666666667;19.7083333333333;38.2110833333333;231.941176470588;34.5833333333333;0.17;0.624791666666667;0.65625;20.6666666666667;21.6666666666667;70;513.583333333333;32.2166666666667;20.3375;68.6333333333333;631.583333333333;164.291666666667;158.5;148.333333333333;143.25
27-11-2021;331;20.33888889;70.13541667;652.7916667;1;1337.470224;1218.368056;796.1847222;2021-11-27;44527.4791666667;20.8916666666667;63.9041666666667;651;20.1166666666667;20.1041666666667;20.0875;20.0958333333333;180.6125;-18.5541666666667;20.7083333333333;40.0809173125;236.588235294118;35.7916666666667;0.17;0.624708333333333;0.666666666666667;20.6708333333333;21.6708333333333;70;510.416666666667;33.2166666666667;20.3291666666667;70.1708333333333;651.041666666667;167.583333333333;161.666666666667;151.291666666667;146.041666666667
28-11-2021;332;20.53229167;69.76388889;628.4791667;1;1354.002515;1234.900347;812.7170139;2021-11-28;44528.4791666667;20.8833333333333;60.7666666666667;630.666666666667;20.0583333333333;20.05;20.0541666666667;20.0416666666667;180.629166666667;-18.695;23.375;45.24;238.352941176471;37.1666666666667;0.17;0.626458333333333;0.666666666666667;20.6666666666667;21.6666666666667;70;523.041666666667;34.7083333333333;20.5416666666667;69.825;630.708333333333;168.833333333333;162.875;152.375;147.125
29-11-2021;333;20.54513889;69.39583333;620.0520833;1;1370.547654;1251.445486;829.2621528;2021-11-29;44529.4791666667;20.85;55.8458333333333;620.375;19.8166666666667;19.8166666666667;19.8208333333333;19.825;180.6375;-18.8433333333333;45.875;88.73875;231.941176470588;50.0416666666667;0.17;0.626708333333333;0.583333333333333;20.6666666666667;21.6666666666667;70;527.583333333333;28.9083333333333;20.55;69.3041666666667;620.5;164.291666666667;158.458333333333;148.166666666667;142.875
30-11-2021;334;20.75520833;72.91666667;637.1701389;1;1387.302862;1268.200694;846.0173611;;;;;;;;;;;;;;;;;;;;;;;;;;;;;;
1-12-2021;335;20.62152778;72.85416667;635.2256944;1;1403.92439;1284.822222;862.6388889;;;;;;;;;;;;;;;;;;;;;;;;;;;;;;
2-12-2021;336;20.46909722;70.76041667;637.8402778;1;1420.393487;1301.291319;879.1079861;;;;;;;;;;;;;;;;;;;;;;;;;;;;;;
3-12-2021;337;20.39965278;70.07638889;617.6840278;1;1436.79314;1317.690972;895.5076389;;;;;;;;;;;;;;;;;;;;;;;;;;;;;;
4-12-2021;338;20.63958333;69.52777778;626.1006944;1;1453.432724;1334.330556;912.1472222;;;;;;;;;;;;;;;;;;;;;;;;;;;;;;
5-12-2021;339;20.76180556;70.53472222;613.4548611;1;1470.194529;1351.092361;928.9090278;;;;;;;;;;;;;;;;;;;;;;;;;;;;;;
6-12-2021;340;20.56423611;69.41319444;603.6111111;1;1486.758765;1367.656597;945.4732639;;;;;;;;;;;;;;;;;;;;;;;;;;;;;;
7-12-2021;341;20.55833333;68.34027778;633.4236111;1;1503.317099;1384.214931;962.0315972;;;;;;;;;;;;;;;;;;;;;;;;;;;;;;
8-12-2021;342;20.51666667;69.18402778;608.1076389;1;1519.833765;1400.731597;978.5482639;;;;;;;;;;;;;;;;;;;;;;;;;;;;;;
9-12-2021;343;20.603125;67.64236111;628.4513889;1;1536.43689;1417.334722;995.1513889;;;;;;;;;;;;;;;;;;;;;;;;;;;;;;
10-12-2021;344;20.46319444;69.47916667;626.3506944;1;1552.900085;1433.797917;1011.614583;;;;;;;;;;;;;;;;;;;;;;;;;;;;;;
11-12-2021;345;20.64618056;69.69791667;619.0902778;1;1569.546265;1450.444097;1028.260764;;;;;;;;;;;;;;;;;;;;;;;;;;;;;;
12-12-2021;346;20.87256944;72.43402778;616.6701389;1;1586.418835;1467.316667;1045.133333;;;;;;;;;;;;;;;;;;;;;;;;;;;;;;
13-12-2021;347;20.96736111;74.46875;607.2430556;1;1603.386196;1484.284028;1062.100694;;;;;;;;;;;;;;;;;;;;;;;;;;;;;;
14-12-2021;348;20.95208333;70.45138889;631.0555556;1;1620.338279;1501.236111;1079.052778;;;;;;;;;;;;;;;;;;;;;;;;;;;;;;
15-12-2021;349;21.053125;73.21527778;626.1388889;1;1637.391404;1518.289236;1096.105903;;;;;;;;;;;;;;;;;;;;;;;;;;;;;;
16-12-2021;350;21.13923611;73.80555556;619.2013889;1;1654.53064;1535.428472;1113.245139;;;;;;;;;;;;;;;;;;;;;;;;;;;;;;
17-12-2021;351;21.05277778;74.28125;627.9618056;1;1671.583418;1552.48125;1130.297917;;;;;;;;;;;;;;;;;;;;;;;;;;;;;;
18-12-2021;352;20.87013889;69.19444444;626.5243056;1;1688.453557;1569.351389;1147.168056;;;;;;;;;;;;;;;;;;;;;;;;;;;;;;
19-12-2021;353;20.83020833;71.80208333;620.4479167;1;1705.283765;1586.181597;1163.998264;;;;;;;;;;;;;;;;;;;;;;;;;;;;;;
20-12-2021;354;20.66666667;70.05555556;646.0868056;1;1721.950432;1602.848264;1180.664931;;;;;;;;;;;;;;;;;;;;;;;;;;;;;;
